school,Private,Accept.pct,Elite10,F.Undergrad,P.Undergrad,Outstate,Room.Board,Books,Personal,PhD,Terminal,S.F.Ratio,perc.alumni,Expend,Grad.Rate
Abilene Christian University,Yes,0.742168675,0,2885,537,7440,3300,450,2200,70,78,18.1,12,7041,60
Adelphi University,Yes,0.880146386,0,2683,1227,12280,6450,750,1500,29,30,12.2,16,10527,56
Adrian College,Yes,0.768207283,0,1036,99,11250,3750,400,1165,53,66,12.9,30,8735,54
Agnes Scott College,Yes,0.836930456,1,510,63,12960,5450,450,875,92,97,7.7,37,19016,59
Alaska Pacific University,Yes,0.756476684,0,249,869,7560,4120,800,1500,76,72,11.9,2,10922,15
Albertson College,Yes,0.816013629,0,678,41,13500,3335,500,675,67,73,9.4,11,9727,55
Albertus Magnus College,Yes,0.963172805,0,416,230,13290,5720,500,1500,90,93,11.5,26,8861,63
Albion College,Yes,0.905739863,0,1594,32,13868,4826,450,850,89,100,13.7,37,11487,73
Albright College,Yes,0.808285164,0,973,306,15595,4400,300,500,79,84,11.3,23,11644,80
Alderson-Broaddus College,Yes,0.855670103,0,799,78,10468,3380,660,1800,40,41,11.5,15,8991,52
Alfred University,Yes,0.822748268,0,1830,110,16548,5406,500,600,82,88,11.3,31,10932,73
Allegheny College,Yes,0.716440422,0,1707,44,17080,4440,400,600,73,91,9.9,41,11711,76
Allentown Coll. of St. Francis de Sales,Yes,0.661577608,0,1130,638,9690,4785,600,1000,60,84,13.3,21,7940,74
Alma College,Yes,0.852407261,0,1306,28,12572,4552,400,400,79,87,15.3,32,9305,68
Alverno College,Yes,0.633603239,0,1317,1235,8352,3640,650,2449,36,69,11.1,26,8127,55
American International College,Yes,0.76971831,0,1018,287,8700,4780,450,1400,78,84,14.7,19,7355,69
Amherst College,Yes,0.230590423,1,1593,5,19760,5300,660,1598,93,98,8.4,63,21424,100
Anderson University,Yes,0.746710526,0,1819,281,10100,3520,550,1100,48,61,12.1,14,7994,59
Andrews University,Yes,0.62300885,0,1586,326,9996,3090,900,1320,62,66,11.5,18,10908,46
Angelo State University,No,0.565254237,0,4190,1512,5130,3592,500,2000,60,62,23.1,5,4010,34
Antioch University,Yes,0.927068724,0,712,23,15476,3336,400,1100,69,82,11.3,35,42926,48
Appalachian State University,No,0.637768358,0,9940,1035,6806,2540,96,2000,83,96,18.3,14,5854,70
Aquinas College,Yes,0.833602585,0,1251,767,11208,4124,350,1615,55,65,12.7,25,6584,65
Arizona State University Main campus,No,0.804746663,0,22593,7585,7434,4850,700,2100,88,93,18.9,5,4602,48
Arkansas College (Lyon College),Yes,0.471751412,0,530,182,8644,3922,500,800,79,88,12.6,24,14579,54
Arkansas Tech University,No,0.997116494,0,3602,939,3460,2650,450,1000,57,60,19.6,5,4739,48
Assumption College,Yes,0.796252927,0,1708,689,12000,5920,500,500,93,93,13.8,30,7100,88
Auburn University-Main Campus,No,0.899708532,0,16262,1716,6300,3933,600,1908,85,91,16.7,18,6642,69
Augsburg College,Yes,0.774924471,0,2074,726,11902,4372,540,950,65,65,12.8,31,7836,58
Augustana College IL,Yes,0.882384247,0,1950,38,13353,4173,540,821,78,83,12.7,40,9220,71
Augustana College,Yes,0.952693824,0,1337,300,10990,3244,600,1021,66,70,10.4,30,6871,69
Austin College,Yes,0.841772152,0,1120,15,11280,4342,400,1150,81,95,13,33,11361,71
Averett College,Yes,0.88676236,0,777,538,9925,4135,750,1350,59,67,22.4,11,6523,48
Baker University,Yes,0.802325581,0,958,466,8620,4100,400,2250,58,68,11,21,6136,65
Baldwin-Wallace College,Yes,0.808284024,0,2718,1460,10995,4410,1000,1000,68,74,17.6,20,8086,85
Barat College,Yes,0.735632184,0,453,266,9690,4300,500,500,57,77,9.7,35,9337,71
Bard College,Yes,0.438743455,0,1004,15,19264,6206,750,750,98,98,10.4,30,13894,79
Barnard College,Yes,0.561698718,1,2121,69,17926,8124,600,850,83,93,10.3,33,12580,91
Barry University,Yes,0.791919192,0,1811,3144,11290,5360,600,1800,76,78,12.6,11,9084,72
Baylor University,Yes,0.880493827,0,9919,484,6450,3920,600,1346,71,76,18.5,38,7503,72
Beaver College,Yes,0.730868444,0,878,519,12850,5400,400,800,78,89,12.2,30,8954,73
Bellarmine College,Yes,0.876084263,0,1198,605,8840,2950,750,1290,74,82,13.1,31,6668,84
Belmont Abbey College,Yes,0.78164557,0,709,131,9000,4850,300,2480,78,85,13.2,10,7550,52
Belmont University,Yes,0.798360656,0,1964,623,7800,3664,650,900,61,61,11.1,19,7614,49
Beloit College,Yes,0.699242424,0,1085,81,16304,3616,355,715,87,95,11.1,26,12957,69
Bemidji State University,No,0.725993377,0,3796,824,4425,2700,660,1800,57,62,19.6,16,3752,46
Benedictine College,Yes,0.981012658,0,702,501,9550,3850,350,250,64,84,14.1,18,5922,58
Bennington College,Yes,0.630057803,0,457,2,21700,4100,600,500,35,59,10.1,33,16364,55
Bentley College,Yes,0.672244662,0,3095,1533,13800,5510,630,850,87,87,17.5,20,10941,82
Berry College,Yes,0.657158235,0,1620,49,8050,3940,350,2375,80,80,16.3,17,10511,63
Bethany College,Yes,0.929384966,0,706,62,8740,3363,550,1700,62,68,11.6,29,7718,48
Bethel College KS,Yes,0.910891089,0,537,101,8540,3580,500,1400,61,80,8.8,32,8324,56
Bethel College,Yes,0.764940239,0,347,74,6200,2900,600,800,63,63,11.7,13,7623,35
Bethune Cookman College,Yes,0.698663426,0,2128,82,5188,3396,650,2500,48,48,13.8,9,6817,58
Birmingham-Southern College,Yes,0.730434783,1,1376,207,11660,4325,400,900,74,79,14,34,8649,72
Blackburn College,Yes,0.672,0,421,27,6500,2700,500,1000,76,76,14.3,53,8377,51
Bloomsburg Univ. of Pennsylvania,No,0.447069246,0,5847,946,7844,2948,500,1680,66,68,18,19,7041,75
Bluefield College,Yes,0.949602122,0,653,129,7150,4350,450,1500,61,67,17.8,3,6259,53
Bluffton College,Yes,0.742774566,0,760,81,9900,3990,400,900,76,71,13.3,19,9073,58
Boston University,Yes,0.644166006,0,14971,3113,18420,6810,475,1025,80,81,11.9,16,16836,72
Bowdoin College,Yes,0.30363528,1,1490,8,19030,5885,1495,875,93,96,11.2,52,20447,96
Bowling Green State University,No,0.792671063,0,13699,1213,7452,3352,600,1700,81,89,21.1,14,6918,67
Bradford College,Yes,0.744920993,0,453,42,14080,6270,500,900,57,80,10.2,21,15387,46
Bradley University,Yes,0.906291479,0,4531,643,10870,4440,2000,1522,75,81,14.4,21,7671,85
Brandeis University,Yes,0.655279503,0,2819,62,19380,6750,410,1000,90,97,9.8,24,17150,84
Brenau University,Yes,0.746594005,0,917,479,9592,5879,500,700,71,80,13.7,12,5935,49
Brewton-Parker College,Yes,0.855153203,0,1320,822,4371,2370,500,2000,62,62,12.6,10,4900,18
Briar Cliff College,Yes,0.895408163,0,738,430,10260,3597,600,1500,39,66,13.1,26,8355,58
Bridgewater College,Yes,0.803102625,0,881,55,10265,4725,560,875,68,73,13.2,24,8655,82
Brigham Young University at Provo,Yes,0.733469111,0,27378,1253,2340,3580,860,1220,76,76,20.5,40,7916,33
Brown University,Yes,0.257349436,1,5643,349,19528,5926,720,1100,99,100,7.6,39,20440,97
Bryn Mawr College,Yes,0.552901024,1,1088,16,18165,6750,500,1200,100,100,12.3,49,17449,89
Bucknell University,Yes,0.582315211,0,3316,31,18550,4750,800,1200,95,97,14.2,36,13675,93
Buena Vista College,Yes,0.8,0,1928,442,13306,3797,450,950,62,69,8.8,10,6333,78
Butler University,Yes,0.862404742,0,2607,148,13130,4650,500,1600,77,81,10.9,29,9511,83
Cabrini College,Yes,0.824707846,0,1035,446,10518,6250,300,300,59,76,16.5,36,7117,71
Caldwell College,Yes,0.597428289,0,693,868,8900,4600,425,1000,87,96,13.9,25,7922,55
California Lutheran University,Yes,0.438721137,0,1427,432,12950,5300,612,576,72,74,12.4,17,8985,60
California Polytechnic-San Luis,No,0.488669825,0,12911,1404,7380,4877,612,2091,72,81,19.8,13,8453,59
California State University at Fresno,No,0.725550661,0,13494,1254,7706,4368,600,1926,90,90,21.2,8,7268,61
Calvin College,Yes,0.847533632,0,3401,136,10230,3710,400,1210,75,81,14.8,41,7786,81
Campbell University,Yes,0.6415908,0,3191,1204,7550,2790,600,500,77,77,21.8,34,3739,63
Campbellsville College,Yes,0.692216981,0,935,184,6060,3070,600,1300,62,66,17.7,13,5391,49
Canisius College,Yes,0.768664564,0,2978,434,10750,5340,400,1130,90,92,14.6,26,7972,64
Capital University,Yes,0.791070406,0,1662,960,13050,4000,500,800,64,69,12.1,27,9557,83
Capitol College,Yes,0.9,0,282,331,8400,2812,300,2134,10,50,12.1,24,7976,52
Carleton College,Yes,0.586117298,1,1870,12,19292,3957,550,550,81,93,10.4,60,17960,91
Carnegie Mellon University,Yes,0.595898258,1,4265,291,17900,5690,450,1250,86,93,9.2,31,24386,74
Carroll College,Yes,0.854310345,0,1357,737,12200,3880,480,930,74,81,17.8,25,7666,79
Carson-Newman College,Yes,0.86770073,0,1776,239,8150,3150,400,500,61,62,13.6,16,6716,67
Carthage College,Yes,0.883044554,0,1405,580,13125,3775,500,1300,74,89,15.9,22,7364,62
Case Western Reserve University,Yes,0.814031468,1,3051,513,15700,4730,525,1460,95,95,2.9,29,19733,67
Castleton State College,No,0.747812251,0,1547,294,7656,4690,400,700,89,91,14.7,8,6318,79
Catawba College,Yes,0.81255771,0,915,80,9270,4100,600,1860,75,82,13.5,27,8425,55
Catholic University of America,Yes,0.835233751,0,2159,211,13712,6408,526,1100,90,96,9.3,18,12751,75
Cazenovia College,Yes,0.892383676,0,1010,12,9384,4840,600,500,22,47,14.3,20,7697,118
Cedar Crest College,Yes,0.782216495,0,791,764,14340,5285,500,1000,58,83,11.7,39,10961,74
Cedarville College,Yes,0.833970926,0,2196,82,7344,4410,570,1000,50,52,15.3,34,6897,64
Centenary College,Yes,0.845528455,0,396,526,11400,5400,500,760,41,85,9.5,20,9583,24
Centenary College of Louisiana,Yes,0.876767677,0,775,44,8950,3490,600,1900,86,92,11.3,25,9685,66
Center for Creative Studies,Yes,0.65890183,0,525,323,11230,6643,2340,620,8,58,6.8,4,13025,47
Central College,Yes,0.867498051,0,1355,40,10938,3660,650,600,76,90,13.5,29,8444,67
Central Connecticut State University,No,0.608946609,0,6394,3881,5962,4444,500,985,69,73,16.7,4,4900,49
Central Missouri State University,No,0.876094852,0,8094,1596,4620,3288,300,2250,69,80,19.7,4,5501,50
Central Washington University,No,0.722082585,0,6507,898,7242,3603,654,1416,67,89,18.1,0,6413,51
Central Wesleyan College,Yes,0.83908046,0,1047,33,8300,3080,600,600,62,62,15.2,18,3365,58
Centre College,Yes,0.876604146,1,943,7,11850,4270,600,900,95,99,11.4,60,13118,74
Chapman University,Yes,0.803962461,0,1662,209,16624,5895,600,1100,72,80,12.8,6,12692,47
Chatham College,Yes,0.929245283,0,471,148,13500,5230,400,850,95,98,9.3,37,16095,52
Chestnut Hill College,Yes,0.742690058,0,518,232,10335,5015,700,850,71,71,8.3,29,7729,73
Christendom College,Yes,0.888888889,0,139,3,8730,3600,400,800,92,92,9.3,17,10922,58
Christian Brothers University,Yes,0.590909091,0,1068,364,9300,3260,600,900,81,81,11.1,24,8129,63
Christopher Newport University,No,0.867497169,0,2910,1749,7860,4750,525,1889,80,82,21.2,16,4639,48
Claflin College,Yes,0.58277592,0,959,13,4412,2460,500,1000,69,69,16.9,31,7083,21
Claremont McKenna College,Yes,0.412365591,1,887,1,17000,6010,500,850,99,99,9.6,52,18443,87
Clark University,Yes,0.71319709,0,1928,296,17500,4200,500,950,94,95,10.5,35,11951,79
Clarke College,Yes,0.739130435,0,604,350,10740,3676,350,900,67,71,11,27,7963,74
Clarkson University,Yes,0.898344066,0,2332,53,15960,5580,700,1300,95,95,15.8,32,11659,77
Clemson University,No,0.65182889,0,11755,770,8116,3610,800,1618,82,88,18,17,7597,73
Clinch Valley Coll. of  the Univ. of Virginia,No,0.814223512,0,1125,422,7168,3689,600,1900,67,67,18.1,9,4417,46
Coe College,Yes,0.737574553,0,1127,205,13925,4390,500,2200,73,86,12.7,32,10141,67
Coker College,Yes,0.748344371,0,690,222,9888,4502,400,1000,64,77,12.1,39,8741,75
Colby College,Yes,0.463132022,1,1720,35,18930,5590,500,1000,83,94,10.2,41,15954,91
Colgate University,Yes,0.513179572,0,2649,25,19510,5565,500,750,95,98,10.5,45,15494,93
College Misericordia,Yes,0.620111732,0,1121,493,10860,5760,550,900,56,62,12.9,23,8604,96
College of Charleston,No,0.658005029,0,6851,1200,6120,3460,666,2316,73,78,17.2,18,4776,51
College of Mount St. Joseph,Yes,0.776942356,0,1165,1232,9800,4430,400,1150,46,46,11.1,35,6889,100
College of Mount St. Vincent,Yes,0.684989429,0,707,432,11790,5770,500,1000,75,77,11.9,35,10015,83
College of Notre Dame,Yes,0.76744186,0,500,331,12600,5520,630,2250,77,80,10.4,7,9773,43
College of Notre Dame of Maryland,Yes,0.778993435,0,667,1983,11180,5620,600,700,64,64,11.5,32,7477,75
College of Saint Benedict,Yes,0.921108742,0,1715,103,12247,4221,500,600,70,88,13.1,26,8847,72
College of Saint Catherine,Yes,0.804305284,0,1692,562,12224,4440,450,1000,63,87,11.5,32,7315,77
College of Saint Elizabeth,Yes,0.808558559,0,493,968,10900,5250,380,1000,68,70,11.4,23,9447,78
College of Saint Rose,Yes,0.675483215,0,1698,894,9990,5666,800,1500,66,71,14.3,28,6084,64
College of Santa Fe,Yes,0.818681319,0,873,683,11138,4138,600,1200,40,74,14,7,8820,80
College of St. Joseph,Yes,0.836879433,0,201,173,8300,4850,450,1300,53,53,9.5,19,6936,76
College of St. Scholastica,Yes,0.886904762,0,1350,275,11844,3696,450,1146,54,76,11.6,33,8996,72
College of the Holy Cross,Yes,0.564796259,1,2675,22,18000,6300,400,900,92,96,11.3,55,12138,95
College of William and Mary,No,0.43641984,1,5186,134,11720,4298,600,800,89,92,12.1,31,9534,93
College of Wooster,Yes,0.896666667,0,1704,1,16240,4690,500,500,84,96,11.1,43,14140,69
Colorado College,Yes,0.491736826,1,1892,7,17142,4190,450,1200,85,97,11.3,51,14664,84
Colorado State University,No,0.665963283,0,15646,1829,8412,4180,470,1800,87,89,19.2,10,7850,59
Columbia College MO,Yes,0.503184713,0,690,5346,8294,3700,400,900,87,87,15.3,2,5015,37
Columbia College,Yes,0.833107191,0,968,237,10425,3975,500,1500,61,77,14.7,34,8693,76
Columbia University,Yes,0.285671995,1,3376,55,18624,6664,550,300,97,98,5.9,21,30639,99
Concordia College at St. Paul,Yes,0.946619217,0,1049,181,10500,3750,450,950,69,75,12.8,18,6955,45
Concordia Lutheran College,Yes,0.931034483,0,534,172,6900,3800,450,1825,67,76,12.1,9,6875,42
Concordia University CA,Yes,0.722383721,0,641,101,10800,4440,570,1515,55,60,13.1,13,8415,55
Concordia University,Yes,0.763257576,0,1168,145,9216,4191,400,1000,56,64,12.1,13,7309,75
Connecticut College,Yes,0.509390445,0,1630,232,18740,6300,600,500,86,95,10.7,40,14773,91
Converse College,Yes,0.925,0,643,80,12050,3700,500,900,63,76,10.2,31,10965,75
Cornell College,Yes,0.864109233,0,1140,10,15248,4323,550,800,71,76,12.2,31,10340,64
Creighton University,Yes,0.955847658,0,3450,644,10628,4372,650,2055,85,90,6.5,32,22906,85
Culver-Stockton College,Yes,0.704314721,0,992,112,8000,3700,400,500,51,52,14.1,28,5807,51
Cumberland College,Yes,0.792964824,0,1306,122,6230,3526,400,600,42,44,13,4,8189,63
D'Youville College,Yes,0.7147806,0,1074,336,8920,4310,680,1320,68,68,14.6,42,6898,46
Dana College,Yes,0.956349206,0,550,84,9130,3322,450,1450,46,51,12.6,25,8686,54
Daniel Webster College,Yes,0.868376068,0,460,536,12292,4934,500,500,61,61,22.2,10,8643,72
Dartmouth College,Yes,0.264702457,1,3918,32,19545,6070,550,1100,95,99,4.7,49,29619,98
Davidson College,Yes,0.402865571,1,1601,6,17295,5070,600,1011,95,97,12,46,17581,94
Defiance College,Yes,0.807355517,0,645,283,10850,3670,400,1159,58,60,12.8,19,7505,56
Delta State University,No,0.977249224,0,2806,538,4528,1880,500,1200,49,63,17.1,16,5113,58
Denison University,Yes,0.82512672,0,1835,14,16900,4720,500,600,88,97,11.6,45,12423,81
DePauw University,Yes,0.830491474,0,1983,36,14300,5020,550,950,78,94,11.1,31,11525,82
Dickinson College,Yes,0.842402123,0,1889,62,18700,5000,595,1250,87,94,11.2,39,13861,87
Dickinson State University,No,0.949308756,0,1376,237,4486,2146,600,2000,50,64,16.5,28,4525,46
Dillard University,Yes,0.688688689,0,1539,45,6700,3650,500,2307,52,52,14.1,12,7566,61
Doane College,Yes,0.89407314,0,1022,411,9570,3000,400,1000,67,72,15.1,42,6852,60
Dominican College of Blauvelt,Yes,0.913888889,0,756,863,8310,5500,600,1800,43,43,12.7,5,5480,54
Dordt College,Yes,0.930463576,0,1048,56,9800,2650,450,2800,61,60,12.5,17,7325,87
Dowling College,Yes,0.819980218,0,1059,2458,9000,3100,450,1413,77,78,12.4,7,11178,42
Drake University,Yes,0.919256877,0,3322,726,13420,4770,560,1675,88,93,15,24,9473,77
Drew University,Yes,0.733859731,1,1192,87,18432,5616,520,660,93,97,10.2,28,14907,83
Drury College,Yes,0.928571429,0,1065,48,8730,3523,500,750,82,92,13.2,35,9303,67
Duke University,Yes,0.282326492,1,6188,53,18590,5950,625,1162,95,96,5,44,27206,97
Earlham College,Yes,0.740795287,0,1028,13,15036,4056,600,600,90,94,10.6,46,14634,78
East Carolina University,No,0.686003882,0,13171,1687,7248,3240,500,1700,74,78,13.2,18,9002,58
East Tennessee State University,No,0.81981982,0,6706,2640,5800,3000,600,2200,73,75,14,9,9825,42
East Texas Baptist University,Yes,0.899736148,0,1050,151,4950,2780,530,1500,62,62,15.7,7,5619,38
Eastern College,Yes,0.805676856,0,1057,355,11190,4800,450,1230,60,60,13.6,22,8135,54
Eastern Connecticut State University,No,0.687384899,0,2766,1531,5962,4316,650,500,71,76,16.9,14,5719,50
Eastern Illinois University,No,0.75987136,0,9161,845,5710,3066,120,1730,62,71,16.2,5,5682,76
Eastern Mennonite College,Yes,0.905349794,0,903,59,9650,3800,600,1300,46,65,11.4,29,10188,82
Eastern Nazarene College,Yes,0.792635659,0,1238,30,8770,3500,450,700,58,58,17.3,17,6430,70
Eckerd College,Yes,0.779887482,0,1363,23,15360,4080,600,1000,82,89,12.8,26,15003,59
Elizabethtown College,Yes,0.762515515,0,1476,299,14190,4400,500,750,65,68,12.8,25,9815,81
Elmira College,Yes,0.717227179,0,1109,502,14990,4980,450,550,77,98,21.5,21,7502,64
Elms College,Yes,0.848979592,0,544,436,11800,4765,450,1700,71,71,11.3,21,8952,86
Elon College,Yes,0.768763797,0,2933,334,9100,3883,490,1777,70,74,18.9,34,6329,63
Embry Riddle Aeronautical University,Yes,0.820057125,0,4772,856,7800,3750,570,3020,37,43,16.5,4,12878,44
Emory & Henry College,Yes,0.844444444,0,809,32,8578,4408,700,1600,79,88,13.9,51,8061,82
Emory University,Yes,0.490007054,1,5544,192,17600,6000,600,870,97,98,5,28,28457,96
Emporia State University,No,1,0,3957,588,5401,3144,450,1888,72,75,19.3,4,5527,50
Erskine College,Yes,0.84522003,0,532,35,10485,3840,475,1246,76,80,13.5,47,7527,67
Eureka College,Yes,0.810714286,0,484,16,10955,3450,330,670,62,87,10.6,31,9552,53
Evergreen State College,No,0.611327041,0,3065,363,6297,4600,600,1323,75,78,18.1,14,8355,68
Fairfield University,Yes,0.699414716,0,2984,1037,15000,6200,700,1100,86,90,15.1,30,11220,94
Fayetteville State University,No,0.731271478,0,2632,617,6806,2550,350,766,75,75,15.1,10,6972,24
Ferrum College,Yes,0.82673637,0,1051,82,9400,4200,500,1600,53,58,12.5,9,7967,22
Flagler College,Yes,0.50459364,0,1345,44,5120,3200,500,2140,52,60,18.1,9,3930,69
Florida Institute of Technology,Yes,0.811504879,0,1863,233,13900,4140,750,1500,90,90,10.6,7,8923,57
Florida International University,No,0.628856624,0,10208,9310,6597,2494,800,3028,81,96,13.9,20,6722,66
Florida Southern College,Yes,0.75307748,0,1506,970,8025,4865,400,650,65,74,17.4,10,6339,68
Florida State University,No,0.745257918,0,18906,3242,6680,4060,600,1020,80,89,23.1,15,7250,58
Fontbonne College,Yes,0.841924399,0,981,337,8390,4100,350,1500,45,55,21.5,24,4607,62
Fordham University,Yes,0.684285714,0,4740,1646,14235,6965,600,1735,86,97,14.4,14,10864,80
Fort Lewis College,No,0.820639535,0,3793,486,6198,3320,500,2500,89,97,19.1,6,4362,46
Francis Marion University,No,0.918933926,0,3224,436,5840,3138,400,2430,76,76,19.1,8,5039,43
Franciscan University of Steubenville,Yes,0.817359855,0,1301,242,9650,4400,600,1000,57,69,14.9,8,6336,83
Franklin College,Yes,0.786069652,0,840,68,10390,4040,525,1345,54,78,12.5,37,11751,60
Franklin Pierce College,Yes,0.861962599,0,1818,1197,13320,4630,500,800,50,56,17.6,16,6418,51
Freed-Hardeman University,Yes,0.612290503,0,1174,50,5500,3340,600,1600,68,76,16.1,13,6078,62
Fresno Pacific College,Yes,0.791907514,1,704,63,9900,3670,630,1818,59,59,10.5,14,8095,54
Furman University,Yes,0.902822767,1,2371,175,13440,4048,600,1250,92,95,13.5,28,12940,82
Gannon University,Yes,0.774350649,0,2693,691,10970,4280,500,1380,47,51,13.3,18,7711,65
Gardner Webb University,Yes,0.837837838,0,1603,374,8180,4270,500,500,65,58,15.2,12,5664,29
Geneva College,Yes,0.799401198,0,1306,258,9476,4820,500,1100,67,67,20.1,26,6786,74
George Fox College,Yes,0.897404203,0,1271,43,12500,4130,400,1050,53,53,13.5,22,7136,52
George Mason University,No,0.765257385,0,9528,3822,10800,4840,580,1050,93,96,19.3,7,6751,46
George Washington University,Yes,0.642793651,0,5471,1470,17450,6328,700,950,92,93,7.6,15,14745,72
Georgetown College,Yes,0.953232462,0,1063,48,8100,3950,550,550,73,76,13.3,28,7508,55
Georgetown University,Yes,0.25919928,1,5881,406,18300,7131,670,1700,91,92,7.2,27,19635,95
Georgia Institute of Technology,No,0.577644507,1,8528,654,6489,4438,795,1164,92,92,19.3,33,11271,70
Georgia State University,No,0.61718956,0,7732,9054,6744,2655,720,3450,87,89,19,10,7762,34
Georgian Court College,Yes,0.807471264,0,1095,785,9150,3950,500,800,56,59,12.2,27,7348,76
Gettysburg College,Yes,0.685761958,0,1944,46,19964,4328,500,500,94,95,12.1,32,14720,83
Goldey Beacom College,Yes,0.739336493,0,823,963,6120,2985,531,1830,25,25,27.6,4,6081,36
Gonzaga University,Yes,0.808059385,0,2523,296,13000,4450,600,2400,78,90,14.7,32,9553,69
Gordon College,Yes,0.838278932,0,1151,39,12200,4070,400,1200,73,82,14.2,32,9226,66
Goshen College,Yes,0.9,0,910,166,9420,3730,600,1230,51,56,9.9,46,10270,72
Goucher College,Yes,0.706342311,0,850,80,15588,6174,500,1200,78,90,9.2,34,16623,77
Grace College and Seminary,Yes,0.781021898,0,618,113,8958,3670,300,1000,53,59,15.3,26,9798,64
Graceland College,Yes,0.745945946,0,996,2281,9100,3100,550,880,51,61,23.6,24,5609,47
Grand Valley State University,No,0.752565344,0,8234,2619,6108,3800,500,1000,64,66,20.6,9,5063,57
Green Mountain College,Yes,0.805128205,0,545,42,11750,2700,400,850,77,83,14,24,6475,76
Greensboro College,Yes,0.8125,0,649,314,8330,3770,550,1300,64,80,13,31,7949,39
Greenville College,Yes,0.758823529,0,771,53,10310,4530,400,800,57,61,14.3,16,8222,60
Grinnell College,Yes,0.681216282,1,1333,30,15688,4618,400,400,88,92,9.5,54,18979,83
Grove City College,Yes,0.445604175,1,2213,35,5224,3048,525,350,65,65,18.4,18,4957,100
Guilford College,Yes,0.87687188,0,1410,299,13404,5160,450,1050,78,86,15.6,30,9114,65
Gustavus Adolphus College,Yes,0.810415448,0,2281,50,14125,3600,400,700,79,89,12.5,58,9907,80
Gwynedd Mercy College,Yes,0.623684211,0,716,1108,11000,5550,500,500,36,41,7.8,22,7483,96
Hamilton College,Yes,0.567834395,0,1646,24,19700,5050,300,800,91,96,9.6,60,17761,91
Hamline University,Yes,0.820079523,0,1362,102,13252,4194,450,550,89,93,13,33,10296,65
Hampden - Sydney College,Yes,0.788249694,0,945,1,13218,4773,660,600,95,97,13.3,53,12263,69
Hampton University,Yes,0.523126219,0,4623,740,7161,3518,600,2000,60,64,14,9,6791,70
Hanover College,Yes,0.832007952,0,1024,15,8200,3485,500,1200,84,84,10.6,26,9248,64
Hardin-Simmons University,Yes,0.907922912,0,1365,334,6300,2980,700,2140,75,79,13.7,10,7054,38
Harding University,Yes,0.620569436,0,3128,213,5504,3528,700,910,71,77,17.7,37,6466,73
Hartwick College,Yes,0.828132501,0,1464,67,17480,4780,500,700,75,87,12.3,32,11625,73
Harvard University,Yes,0.156148576,1,6862,320,18485,6410,500,1920,97,97,9.9,52,37219,100
Harvey Mudd College,Yes,0.415395788,1,654,5,17230,6690,700,900,100,100,8.2,46,21569,100
Hastings College,Yes,0.866585067,0,935,37,9376,3272,500,1902,57,63,13,17,7335,52
Hendrix College,Yes,0.876063183,1,954,6,8800,3195,500,1200,82,99,13.1,26,8588,63
Hillsdale College,Yes,0.809782609,0,1133,42,11090,4700,400,750,80,80,12,31,12639,79
Hiram College,Yes,0.790672451,0,1000,275,14067,4560,400,1000,75,95,10.6,34,12165,79
Hobart and William Smith Colleges,Yes,0.774181548,0,1792,5,19029,5841,600,600,99,99,12.1,37,13040,79
Hofstra University,Yes,0.788906839,0,6534,1350,11600,5920,1000,1000,81,90,13.9,10,10093,60
Hollins College,Yes,0.827242525,0,795,74,13470,5515,500,850,78,91,11.1,48,13957,72
Hood College,Yes,0.808297568,0,710,399,13960,6040,450,690,82,88,14.4,34,12434,72
Hope College,Yes,0.866238318,0,2505,208,12275,4341,465,1100,72,81,12.5,40,9284,72
Houghton College,Yes,0.828240253,0,1210,26,9990,3550,500,1500,85,90,15,24,8187,67
Huntingdon College,Yes,0.855263158,0,538,126,8080,3920,500,1100,63,72,11.4,9,7703,44
Huntington College,Yes,0.955555556,0,488,43,9950,3920,300,1300,76,76,11.8,25,9466,47
Huron University,Yes,0.328333333,0,392,69,7260,3090,600,1840,31,35,12.9,4,9249,21
Husson College,Yes,0.901798064,0,951,706,7800,4000,350,1500,36,44,22,4,4923,84
Illinois Benedictine College,Yes,0.919275124,0,1222,519,10500,4348,650,1500,81,91,11.6,29,8324,75
Illinois College,Yes,0.880313199,0,909,28,8050,3850,600,1000,75,75,15.6,30,7348,52
Illinois Institute of Technology,Yes,0.774487472,0,1911,626,14550,4620,500,700,80,88,12.3,26,12851,56
Illinois State University,No,0.771224513,0,15701,1823,7799,3403,537,2605,77,84,21,16,5569,54
Illinois Wesleyan University,Yes,0.44,1,1818,23,14360,4090,400,650,77,92,12.9,34,9605,83
Immaculata College,Yes,0.944029851,0,494,1305,10000,5364,500,1000,56,64,11.2,33,7305,69
Incarnate Word College,Yes,0.797076526,0,1685,556,8840,4689,750,2775,67,69,11.4,21,6095,95
Indiana State University,No,0.84131472,0,8596,1949,6892,3706,600,2500,72,76,16.6,8,6996,40
Indiana University at Bloomington,No,0.798396334,0,24763,2717,9766,3990,600,2000,77,88,21.3,24,8686,68
Indiana Wesleyan University,Yes,0.575510204,0,2448,707,9210,3782,700,1000,49,51,39.8,15,6562,34
Iona College,Yes,0.721586263,0,3906,1446,10690,6790,570,1150,66,83,16,14,8107,66
Iowa State University,No,0.880977809,0,18676,1715,7550,3224,640,2055,81,88,19.2,22,8420,65
Ithaca College,Yes,0.761261882,0,5612,166,14424,6192,634,1000,58,79,11.5,25,9812,75
James Madison University,No,0.470907957,0,9652,742,7994,4544,500,732,77,81,17.9,29,5212,98
Jamestown College,Yes,0.868644068,0,9950,71,7620,3050,400,400,51,53,17,21,3186,54
Jersey City State College,No,0.481230977,0,3817,1394,3946,4800,400,1500,63,67,14.9,10,8367,26
John Brown University,Yes,0.669421488,0,961,99,6398,3672,400,1350,68,68,13.3,19,8118,75
John Carroll University,Yes,0.871127633,0,3168,392,11700,5550,600,450,89,90,14.5,28,7738,89
Johns Hopkins University,Yes,0.406655653,1,3566,1569,18800,6740,500,1040,96,97,3.3,38,56233,90
Johnson State College,No,0.803121248,0,1224,345,7656,4690,500,624,80,91,14.4,15,6564,36
Judson College,Yes,0.728434505,0,552,67,9414,4554,500,1700,34,55,10.6,30,7840,56
Juniata College,Yes,0.854726368,0,1075,43,14850,4460,450,420,97,97,12.7,37,12067,80
Kansas State University,No,0.693027211,0,14914,2246,6995,3120,600,2000,76,86,18.5,22,6122,54
Kansas Wesleyan University,Yes,0.9762309,0,474,258,8400,3250,500,1400,63,55,12.4,14,6535,68
Keene State College,No,0.783723166,0,3480,776,7870,4157,500,1150,73,73,16.1,13,6195,61
Kentucky Wesleyan College,Yes,0.851027397,0,662,121,8000,4150,500,1300,57,65,11.3,32,7058,62
Kenyon College,Yes,0.695298373,0,1445,1,19240,3690,750,480,95,95,11.1,46,14067,88
Keuka College,Yes,0.826464208,0,738,55,9600,4550,600,750,55,94,13.3,43,7863,51
King's College,Yes,0.723214286,0,500,541,10910,5160,400,1795,66,72,15.6,37,7649,87
King College,Yes,0.845070423,0,509,44,8664,3350,600,3000,65,68,10.7,25,8954,65
Knox College,Yes,0.8125,0,967,24,15747,4062,400,800,88,95,12.7,33,13224,79
La Roche College,Yes,0.889196676,0,650,819,8842,4782,600,1100,57,73,14.2,14,7022,52
La Salle University,Yes,0.62615227,0,2738,1662,12600,5610,450,3160,90,90,15.1,9,9084,84
Lafayette College,Yes,0.599002494,0,2018,226,18730,5740,600,1000,93,96,10.5,38,15365,92
LaGrange College,Yes,0.733455882,0,600,363,6987,3585,750,1500,77,83,12.5,12,9067,75
Lake Forest College,Yes,0.651685393,0,968,20,16880,3970,920,1320,91,94,10.7,19,15687,77
Lakeland College,Yes,0.90945674,0,887,1957,9400,4005,500,1000,49,65,17.2,25,4054,57
Lamar University,No,0.738441781,0,5438,4058,4752,3040,508,1463,48,82,18.4,12,5879,26
Lambuth University,Yes,0.647412756,0,840,325,5170,3430,600,1590,61,61,16.1,10,5531,60
Lander University,No,0.86535163,0,2074,341,4938,2987,528,1702,67,77,17,11,6119,51
Lawrence University,Yes,0.761866452,0,1129,74,17163,3891,525,975,76,92,10.1,57,13965,77
Le Moyne College,Yes,0.815646259,0,1820,558,11040,4840,400,900,89,92,13.3,28,8118,94
Lebanon Valley College,Yes,0.764790765,0,965,502,13850,4755,400,1125,84,84,12.3,30,8196,85
Lehigh University,Yes,0.672815382,0,4298,132,18700,5580,750,1130,96,99,12.5,43,14665,91
Lenoir-Rhyne College,Yes,0.758937692,0,1188,166,10100,4000,400,1000,88,92,12,20,8539,66
Lesley College,Yes,0.81147541,0,1134,336,11700,5300,550,805,71,88,27.8,18,8694,58
LeTourneau University,Yes,0.874213836,0,1532,77,8840,4240,600,1400,58,70,20.8,23,6863,56
Lewis and Clark College,Yes,0.754145638,0,1763,59,15800,4790,450,950,97,98,12.3,21,12999,69
Lewis University,Yes,0.909878683,0,2192,1423,10560,4520,500,1200,36,48,14.3,10,7701,61
Lincoln Memorial University,Yes,0.714104193,0,925,605,5950,2890,600,1300,67,72,14.6,35,5177,53
Lincoln University,No,0.657228916,0,1196,33,4818,3400,350,1400,71,72,12.6,8,10912,45
Lindenwood College,Yes,0.597530864,0,2155,191,9200,4800,1000,4200,65,85,24.1,9,3480,100
Linfield College,Yes,0.761050609,0,1548,840,13380,4210,500,900,89,91,17.8,34,8747,81
Livingstone College,Yes,0.525555556,0,621,11,4400,3400,800,900,53,93,10.4,16,9268,92
Lock Haven University of Pennsylvania,No,0.620448179,0,3390,325,7352,3620,225,500,47,55,16.1,14,6374,63
Longwood College,No,0.680742628,0,2874,118,7920,3962,550,2200,74,80,18.4,23,5553,62
Loras College,Yes,0.781840341,0,1663,170,11200,4000,500,1200,61,62,14.2,24,7578,70
Louisiana College,Yes,0.523099851,0,912,158,5150,3036,500,1655,64,74,10.5,11,7547,59
Louisiana State University at Baton Rouge,No,0.832721815,0,16269,3757,5925,2980,600,2242,83,87,15.9,11,6741,37
Louisiana Tech University,No,0.894451398,0,6720,1822,3957,2325,618,1656,66,77,20,13,4546,45
Loyola College,Yes,0.769627085,0,3010,184,12990,6300,600,900,86,88,14.7,27,9448,80
Loyola Marymount University,Yes,0.706475584,0,3558,436,13592,5916,545,1328,84,88,14.2,10,11677,84
Loyola University,Yes,0.897937599,0,2740,761,11100,5870,600,750,77,88,11.7,14,9456,53
Loyola University Chicago,Yes,0.826767253,0,5244,3417,11500,5330,700,2000,94,95,6.2,15,13009,65
Luther College,Yes,0.898644287,0,2269,85,13240,3560,600,400,73,85,13.8,38,8949,77
Lycoming College,Yes,0.781493002,0,1363,74,13900,4300,500,900,75,81,14,32,8024,72
Lynchburg College,Yes,0.854214123,0,1524,280,12450,5400,450,870,62,66,12.4,24,8832,70
Lyndon State College,No,0.938317757,0,959,150,7320,4640,500,600,48,65,12.6,15,7114,51
Macalester College,Yes,0.509016672,1,1723,113,15909,4772,500,700,85,91,11.9,37,14213,77
MacMurray College,Yes,0.754054054,0,628,63,9620,3750,550,950,49,55,10.8,33,10642,59
Malone College,Yes,0.867276888,0,1605,246,9858,3700,450,1200,42,45,17.6,16,4796,55
Manchester College,Yes,0.798804781,0,909,51,10440,3850,525,1450,63,72,11.8,20,7940,64
Manhattan College,Yes,0.711348684,0,2578,254,12370,6800,500,1800,92,92,13.6,25,10062,79
Manhattanville College,Yes,0.77962578,0,830,150,14700,6550,450,400,97,97,11.3,24,11291,70
Mankato State University,No,0.869508623,0,9649,1792,4300,2643,450,1660,57,68,19,11,5801,68
Marian College of Fond du Lac,Yes,0.813106796,0,1160,653,9400,3400,500,1100,37,37,8.4,21,5352,59
Marietta College,Yes,0.595903166,0,1089,210,13850,3920,470,810,80,97,13.2,30,10223,96
Marist College,Yes,0.670259987,0,3557,658,10700,5925,550,1200,74,81,17.6,34,8408,69
Marquette University,Yes,0.892857143,0,7016,804,11610,4760,600,1950,86,94,13.5,25,9982,77
Marshall University,Yes,0.867486985,0,7703,2339,5094,4010,700,1560,77,86,16.6,10,6203,50
Mary Baldwin College,Yes,0.883767535,0,846,377,11200,7400,600,1300,66,79,6.8,50,10819,90
Mary Washington College,No,0.500689655,0,2997,736,6490,4942,650,2102,75,80,17.6,30,5358,84
Marymount College Tarrytown,Yes,0.684100418,0,731,370,11510,6450,575,1075,71,93,10.3,30,10502,77
Marymount Manhattan College,Yes,0.769784173,0,988,785,10200,7000,350,1100,63,76,11.7,20,10622,68
Marymount University,Yes,0.820403826,0,1247,776,11390,5280,500,750,77,82,10.6,17,8575,55
Maryville College,Yes,0.606557377,0,624,128,11200,4208,500,1642,80,90,11.1,43,8317,51
Maryville University,Yes,0.723132969,0,1343,1751,9250,4550,425,1350,52,58,13.1,13,5925,61
Marywood College,Yes,0.775971093,0,1452,402,11040,4500,600,700,65,76,11.8,30,9034,66
Massachusetts Institute of Technology,Yes,0.333801279,1,4481,28,20100,5975,725,1600,99,99,10.1,35,33541,94
Mayville State University,No,1,0,658,58,4486,2516,600,1900,68,68,15.7,11,6971,51
McKendree College,Yes,0.553892216,0,836,684,7680,3740,500,800,70,74,17.7,21,6652,52
McMurry University,Yes,0.711072664,0,880,477,6930,3452,400,1525,57,64,11,11,6383,32
McPherson College,Yes,0.697619048,0,336,80,7950,3750,600,2740,54,54,9.8,45,9754,48
Mercer University,Yes,0.729658793,0,2943,1260,11985,4081,400,1500,93,95,9.2,15,8995,91
Mercyhurst College,Yes,0.689788054,0,1805,433,9813,4050,425,1000,45,63,16.7,29,7307,78
Meredith College,Yes,0.900816803,0,1721,470,6720,3250,450,1520,77,82,13.9,33,6881,82
Merrimack College,Yes,0.777889955,0,1927,1084,12500,6200,375,1000,73,75,16.8,22,8707,80
Mesa State College,No,0.919191919,0,3471,911,5016,3798,540,2256,48,48,28.8,12,3871,59
Messiah College,Yes,0.793340987,0,2258,53,10300,5080,475,1200,68,75,14.1,30,7762,89
Miami University at Oxford,No,0.842948371,0,13606,807,8856,3960,500,1382,81,89,17.6,20,7846,85
Michigan State University,No,0.833388539,0,26640,4120,10658,3734,504,600,93,95,14,9,10520,71
Michigan Technological University,No,0.87394958,0,5524,414,8127,3978,900,1200,82,82,17,25,7473,65
MidAmerica Nazarene College,Yes,1,0,1100,166,6840,3720,1100,4913,33,33,15.4,20,5524,49
Millersville University of Penn.,No,0.511562136,0,5146,1532,7844,3830,450,1258,72,74,16.8,20,7832,71
Milligan College,Yes,0.755737705,0,685,49,8200,3300,550,1000,63,69,12,16,8128,64
Millikin University,Yes,0.873268698,0,1788,95,11910,4378,450,965,60,77,11.4,25,8149,75
Millsaps College,Yes,0.921546961,0,1073,179,11320,4402,550,1350,82,89,12.7,38,11218,58
Milwaukee School of Engineering,Yes,0.894001643,0,1773,884,11505,3255,1000,2075,35,46,16.7,23,7140,67
Mississippi College,Yes,0.648148148,0,1695,721,5580,2830,600,700,77,79,16.5,18,6170,61
Mississippi State University,No,0.770152761,0,10094,1621,9866,3084,480,1479,77,77,15.9,20,6223,53
Mississippi University for Women,No,0.84375,0,1673,1014,4386,2217,600,1500,49,54,15.8,8,5704,63
Missouri Southern State College,No,0.841370558,0,3689,2200,3840,2852,200,400,52,54,20.3,9,4172,100
Missouri Valley College,Yes,0.750381679,0,1057,175,8550,5050,400,900,35,67,17.4,16,4333,27
Monmouth College IL,Yes,0.836938436,0,671,11,13000,4100,400,460,91,91,11.6,43,11087,56
Monmouth College,Yes,0.694865164,0,1893,847,12480,5290,530,1740,70,85,14.2,15,9492,54
Montana College of Mineral Sci. & Tech.,No,0.951048951,0,1470,416,6073,3400,550,1400,71,71,16.4,31,6112,74
Montana State University,No,0.810285714,0,8730,993,5552,3710,550,2300,75,83,17.6,8,6324,37
Montclair State University,No,0.407662835,0,6411,3186,3648,4834,700,950,82,87,21.5,9,6717,58
Montreat-Anderson College,Yes,0.847908745,0,316,20,8438,3372,500,2958,42,50,11.1,4,11989,15
Moorhead State University,No,0.886158886,0,5983,1075,4426,2664,600,1000,76,81,18.1,19,4795,60
Moravian College,Yes,0.775162338,0,1241,485,14990,4730,550,1250,86,92,15.2,28,9566,74
Morehouse College,Yes,0.452535059,0,2852,153,7050,5490,250,600,71,74,17.8,10,8122,83
Morningside College,Yes,0.909556314,0,950,228,10520,3678,500,1000,48,68,13,32,8111,56
Morris College,Yes,0.827664399,0,926,12,4515,2550,850,2100,53,60,18.6,34,6990,60
Mount Holyoke College,Yes,0.73,0,1891,40,19300,5700,750,750,79,91,9,51,18359,84
Mount Marty College,Yes,0.989247312,0,600,435,6844,2980,500,500,45,55,11.7,38,5073,44
Mount Mary College,Yes,0.923404255,0,931,487,8950,3119,550,1125,51,51,10.7,26,7016,78
Mount Mercy College,Yes,0.861413043,0,806,542,10500,3555,500,2285,44,50,11.3,30,6695,64
Mount Saint Clare College,Yes,0.873846154,0,364,88,9900,3650,500,1200,32,37,13.6,43,6525,21
Mount Saint Mary's College,Yes,0.877365632,0,1243,79,12850,6200,550,900,77,82,12.8,36,8536,80
Mount Saint Mary College,Yes,0.594017094,0,1170,429,7470,4600,250,1400,74,75,15.3,23,6898,88
Mount St. Mary's College,Yes,0.817351598,0,1039,466,12474,5678,630,1278,53,71,11.9,19,10613,72
Mount Union College,Yes,0.829007634,0,1365,144,12250,3530,400,1150,85,87,16.7,35,7215,81
Mount Vernon Nazarene College,Yes,0.950980392,0,1114,94,7400,3346,600,600,57,57,19.8,7,6869,58
Muhlenberg College,Yes,0.728860659,0,1656,352,16975,4565,600,850,76,86,12.8,39,10888,83
Murray State University,No,0.858426966,0,5968,955,4738,3110,700,940,72,76,20.2,27,5972,52
Muskingum College,Yes,0.831379621,0,1115,70,13240,3914,600,800,73,85,13.4,27,9333,73
National-Louis University,Yes,0.676413255,0,2508,505,9090,4500,650,500,62,65,18.3,2,7905,71
Nazareth College of Rochester,Yes,0.842661035,0,1274,471,10850,5150,550,800,77,93,13.6,24,8797,61
New Jersey Institute of Technology,No,0.647152741,0,3311,1646,8832,5376,700,1850,92,98,13.5,19,12529,72
New Mexico Institute of Mining and Tech.,No,0.763659466,0,1017,411,5376,3214,600,1100,99,100,13.7,11,9241,34
New York University,Yes,0.532882154,1,12408,2814,17748,7262,450,1000,87,98,7.8,16,21227,71
Newberry College,Yes,0.827981651,0,601,36,10194,2600,500,1500,57,63,11.4,32,5788,83
Niagara University,Yes,0.809009009,1,1919,334,10320,4762,450,650,68,100,14.2,20,7788,65
North Adams State College,No,0.642994242,0,1380,136,5542,4330,500,1000,65,71,14.2,17,6562,57
North Carolina A. & T. State University,No,0.642337284,0,6162,871,6806,1780,600,1651,72,72,16.7,9,7090,44
North Carolina State University at Raleigh,No,0.664284371,0,16505,5481,8400,6540,600,1300,92,98,17.5,21,9670,62
North Carolina Wesleyan College,Yes,0.848522167,0,646,84,8242,4230,600,1295,77,77,12.7,11,10090,52
North Central College,Yes,0.784383319,0,1310,766,11718,7398,450,1800,73,87,16.4,33,8871,76
North Dakota State University,No,0.773921833,0,7368,1128,5834,2744,600,2000,79,83,17,24,6310,42
North Park College,Yes,0.776344086,0,879,156,12580,4345,400,970,76,79,13.1,24,10889,74
Northeast Missouri State University,No,0.757781457,0,5640,266,4856,3416,400,1100,69,72,15.7,13,6601,76
Northeastern University,Yes,0.713553483,0,11160,10221,13380,7425,600,1750,73,82,12.9,17,9563,46
Northern Arizona University,No,0.837039552,0,11249,2682,6746,3728,620,2342,78,83,21.7,7,6157,41
Northern Illinois University,No,0.674294788,0,14826,1979,7799,3296,470,1750,73,78,17.3,11,6086,56
Northwest Missouri State University,No,0.928911689,0,4787,472,3735,3136,250,1630,62,65,21.7,23,5284,54
Northwest Nazarene College,Yes,0.834415584,0,1115,60,9840,2820,450,822,59,59,14.8,20,6261,58
Northwestern College,Yes,0.943023256,0,1040,52,9900,3075,300,1800,68,68,14.9,34,6357,68
Northwestern University,Yes,0.423142648,1,7450,45,16404,5520,759,1585,96,100,6.8,25,26385,92
Norwich University,Yes,0.932300631,0,1862,382,14134,5270,500,800,71,74,13.1,22,9209,63
Notre Dame College,Yes,0.854881266,0,500,311,9990,4900,400,600,44,47,12.1,26,4948,33
Oakland University,No,0.848733969,0,6441,3982,9114,4030,400,650,88,90,19.7,13,6637,53
Oberlin College,Yes,0.579112599,0,2587,120,19670,5820,575,1119,77,96,10.1,47,16593,83
Occidental College,Yes,0.567555938,1,1686,35,16560,5140,558,1152,91,93,10.5,30,16196,79
Oglethorpe University,Yes,0.819444444,1,769,377,12900,4340,600,4110,91,95,13.1,27,8568,67
Ohio Northern University,Yes,0.797683924,0,2502,66,15990,4080,600,825,73,78,14.5,31,9979,83
Ohio University,No,0.752789622,0,14861,1310,7629,4095,550,2300,79,87,20.4,13,8811,64
Ohio Wesleyan University,Yes,0.776255708,0,1780,48,16732,5650,550,550,93,93,12.1,32,12011,75
Oklahoma Baptist University,Yes,0.898416887,0,1707,705,5390,3140,515,1290,63,71,15.1,18,5511,50
Oklahoma Christian University,Yes,0.985824742,0,1419,228,6400,3150,500,1900,58,64,16.2,8,6578,45
Oklahoma State University,No,0.865325077,0,12830,1658,5336,3344,800,3100,84,92,15.3,14,6433,48
Otterbein College,Yes,0.805481283,0,1648,936,12888,4440,420,840,62,68,13.9,30,8802,87
Ouachita Baptist University,Yes,0.849450549,0,1310,61,6530,2800,500,1500,63,67,13.3,10,6413,65
Our Lady of the Lake University,Yes,0.578856153,0,1202,942,8530,3644,616,1576,56,64,14.9,25,7114,37
Pace University,Yes,0.454215116,0,5809,4379,11000,5160,660,1115,90,95,13.8,10,10059,62
Pacific Lutheran University,Yes,0.868371803,0,2580,302,13312,4488,600,1516,78,78,11,23,9431,83
Pacific Union College,Yes,0.710638298,0,1316,139,11925,3825,630,1926,48,87,12.3,12,9157,69
Pacific University,Yes,0.900318134,0,1041,35,14210,3994,450,1100,76,76,10.9,22,11216,42
Pembroke State University,No,0.819915254,0,2174,529,6360,2760,550,1498,77,77,15,5,6443,48
Pennsylvania State Univ. Main Campus,No,0.535542325,0,28938,2025,10645,4060,512,2394,77,96,18.1,19,8992,63
Pepperdine University,Yes,0.533106517,1,2488,625,18200,6770,500,700,95,98,11.6,13,16185,66
Peru State College,No,0.714693295,0,959,457,2580,2624,500,900,48,100,20.1,24,4870,44
Pfeiffer College,Yes,0.776849642,0,654,162,8640,3700,400,1915,62,62,12.2,13,7634,48
Philadelphia Coll. of Textiles and Sci.,Yes,0.818595579,0,1664,1042,11690,5062,600,1664,48,80,12.9,15,8028,68
Phillips University,Yes,0.832369942,0,597,83,10500,3860,600,940,58,64,11.6,19,8990,39
Piedmont College,Yes,0.847662142,0,641,63,5640,3620,600,750,89,89,13.2,17,7309,31
Pikeville College,Yes,0.99009901,0,797,100,6000,3000,500,500,48,57,13.4,14,5557,61
Pitzer College,Yes,0.556045896,0,750,30,17688,5900,650,850,100,100,10.4,11,14820,73
Point Loma Nazarene College,Yes,0.849196539,0,1889,217,10178,4190,800,750,71,71,16.1,19,7895,54
Point Park College,Yes,0.850285714,0,1173,1402,9700,4830,400,1200,45,90,14.5,10,7652,66
Polytechnic University,Yes,0.748233216,1,1379,214,16200,4200,436,2486,90,90,10.4,14,14329,62
Prairie View A. and M. University,No,0.928898129,0,4564,448,4290,3500,598,1582,55,93,19.4,1,5967,35
Presbyterian College,Yes,0.768946396,0,1133,30,11859,3635,554,1429,80,85,13.4,42,8354,85
Princeton University,Yes,0.154486307,1,4540,146,19900,5910,675,1575,91,96,8.4,54,28320,99
Providence College,Yes,0.651099436,0,3717,1358,14400,6200,450,1100,66,74,18.4,35,8135,96
Purdue University at West Lafayette,No,0.859658778,0,26213,4065,9556,3990,570,1060,86,86,18.2,15,8604,67
Queens College,Yes,0.759689922,0,630,549,11020,4970,610,1900,73,75,14,36,9315,58
Quincy University,Yes,0.689756098,0,1070,72,10100,4140,450,1080,69,71,16.3,32,6880,80
Quinnipiac College,Yes,0.580010776,0,2677,714,12030,6140,1000,500,63,73,12,33,8847,86
Radford University,No,0.858295335,0,8077,472,6684,4110,500,900,73,83,19.6,9,4519,62
Ramapo College of New Jersey,No,0.458333333,0,2745,1938,4449,4860,600,1655,74,95,17.8,8,7333,47
Randolph-Macon College,Yes,0.748164879,0,1071,27,13840,3735,400,900,77,80,10.7,38,11080,74
Randolph-Macon Woman's College,Yes,0.885057471,0,653,56,13970,6110,370,920,88,97,9.2,24,16358,68
Reed College,Yes,0.730417091,0,1199,61,19960,5490,500,450,90,90,11.8,37,15886,68
Regis College,Yes,0.901639344,0,581,533,12700,5800,450,700,81,85,10.3,37,11758,84
Rensselaer Polytechnic Institute,Yes,0.833666934,1,4291,16,17475,5976,1230,1100,94,98,15.4,21,15605,70
Rhodes College,Yes,0.795395308,1,1345,59,15200,4768,550,1500,90,96,10.8,47,13388,77
Rider University,Yes,0.675962075,0,2748,1309,13250,5420,700,3100,84,92,12.3,23,11299,70
Ripon College,Yes,0.853492334,0,735,28,15200,4100,350,650,87,90,9.4,49,12472,64
Rivier College,Yes,0.797520661,0,590,1196,9870,4860,600,1100,59,59,12.2,19,6744,81
Roanoke College,Yes,0.80377189,0,1460,239,13425,4425,450,1200,85,89,13,26,9405,72
Rockhurst College,Yes,0.917647059,0,1127,754,9490,4100,500,1500,60,79,10.7,21,7519,79
Rocky Mountain College,Yes,0.7,0,743,118,8734,3362,600,625,56,78,11.3,27,6422,68
Roger Williams University,Yes,0.848668281,0,2111,1489,12520,6050,500,730,44,54,16.4,8,7957,61
Rollins College,Yes,0.647720878,0,1668,1052,16425,5220,955,750,81,85,13.3,23,11561,90
Rosary College,Yes,0.739631336,0,624,269,10950,4600,550,950,79,82,12.9,30,9264,81
Rowan College of New Jersey,No,0.37460733,0,5303,3942,4356,4830,800,800,76,81,22.1,6,7252,51
Rutgers at New Brunswick,No,0.547469539,0,21401,3712,7410,4748,690,2009,90,95,19.5,19,10474,77
Rutgers State University at Camden,No,0.520499109,0,2585,1300,7411,4748,690,2009,90,95,18.6,12,10134,57
Rutgers State University at Newark,No,0.464995678,0,4005,1886,7410,4748,690,2009,90,95,17.4,16,11878,58
Sacred Heart University,Yes,0.821846554,0,1707,1889,11070,5780,400,600,71,73,14.8,16,7120,82
Saint Ambrose University,Yes,0.800445931,0,1345,390,10450,4020,500,1500,56,56,14.1,16,7444,70
Saint Anselm College,Yes,0.741288783,0,1873,94,12950,5400,450,1120,70,82,14.5,29,6719,97
Saint Cloud State University,No,0.832535885,0,11493,2206,4259,2625,350,1884,70,75,18.9,10,4629,58
Saint Francis College IN,Yes,0.779342723,0,513,247,8670,3820,450,1000,43,78,12.5,4,7440,48
Saint Francis College,Yes,0.787762906,0,1223,451,10880,5050,400,1235,64,64,19.3,24,7344,69
Saint John's University,Yes,0.857449089,0,1691,72,12247,4081,500,600,76,85,12,38,9853,70
Saint Joseph's College IN,Yes,0.743478261,0,815,222,11200,4250,600,950,55,60,14.8,19,7360,67
Saint Joseph's College,Yes,0.818727491,0,716,2196,9985,5180,500,800,53,89,27.2,8,4322,85
Saint Joseph's University,Yes,0.795156808,0,2473,1314,12750,6350,350,1690,84,90,17.4,13,8243,83
Saint Joseph College,Yes,0.825342466,0,543,712,12200,4600,650,950,87,90,11.2,32,8680,76
Saint Louis University,Yes,0.866727383,0,4576,1140,11690,4730,800,6800,84,94,4.6,19,18367,67
Saint Mary's College,Yes,0.826576577,0,1433,27,12730,4514,500,1525,74,95,9.9,31,11165,98
Saint Mary's College of Minnesota,Yes,0.915525114,0,1263,118,10800,3600,400,820,68,74,18.8,19,5081,78
Saint Mary-of-the-Woods College,Yes,0.866666667,0,341,768,10300,4130,500,1700,44,58,10.2,37,9678,75
Saint Michael's College,Yes,0.722513089,0,1715,106,13030,5860,500,750,79,88,14.5,34,10190,84
Saint Olaf College,Yes,0.744217082,0,2888,105,14350,3750,550,550,82,88,10,31,12502,83
Saint Peter's College,Yes,0.879825654,0,1921,1154,9408,5520,500,450,78,78,12.1,22,7669,53
Saint Vincent College,Yes,0.85,0,1035,182,10850,3936,500,900,62,64,12.3,31,8534,88
Saint Xavier University,Yes,0.824203822,0,1670,726,10860,4624,600,794,87,100,13.7,15,8953,55
Salem-Teikyo University,Yes,0.785276074,0,700,45,10575,3952,400,620,46,24,13,9,8946,98
Salem College,Yes,0.847761194,0,534,216,10475,6300,500,2000,68,68,11.2,46,9599,60
Salisbury State University,No,0.54316888,0,4296,1027,5130,4690,600,1450,73,75,17.9,18,5125,56
Samford University,Yes,0.830357143,0,2959,402,8236,3700,569,1650,74,75,14.7,17,9533,61
San Diego State University,No,0.746649649,0,16407,5550,8384,5110,612,2400,87,93,19.5,7,7930,41
Santa Clara University,Yes,0.691465539,0,3891,128,13584,5928,630,1278,88,92,13.9,19,10872,100
Sarah Lawrence College,Yes,0.556521739,1,1000,105,19300,6694,600,700,89,93,6.1,18,14779,83
Savannah Coll. of Art and Design,Yes,0.62037872,0,1897,208,8325,5000,1200,1600,14,98,16.1,26,6874,55
Schreiner College,Yes,0.707191781,0,521,99,8955,5900,500,1488,51,56,11.8,23,8545,52
Scripps College,Yes,0.739181287,1,569,7,17238,7350,600,800,95,100,8.2,41,18372,73
Seattle Pacific University,Yes,0.858833474,0,1922,704,12669,4875,600,1250,83,85,16.8,20,10368,66
Seattle University,Yes,0.728132388,0,2993,347,12825,4375,500,1500,85,85,12.2,16,10175,89
Seton Hall University,Yes,0.779064685,0,4384,1530,12000,6484,650,1000,81,84,14.4,15,10080,64
Seton Hill College,Yes,0.848290598,0,752,210,11240,4180,350,2000,71,71,11.2,37,10065,71
Shippensburg University of Penn.,No,0.563939498,0,5268,300,7844,3504,450,1700,80,83,18.8,13,6719,72
Shorter College,Yes,0.824074074,0,1115,111,7210,3600,500,2000,62,65,13.2,18,7356,58
Siena College,Yes,0.65248227,0,2669,616,10800,5100,575,1090,71,82,14.1,42,8189,100
Siena Heights College,Yes,0.903017241,0,686,287,9240,3880,475,1090,29,49,7.2,17,9431,47
Simmons College,Yes,0.779661017,0,1144,160,16160,6950,500,1200,74,81,8.9,33,14086,79
Simpson College,Yes,0.858267717,0,1116,602,11250,4980,550,1400,66,73,15.8,36,7411,70
Sioux Falls College,Yes,0.915331808,0,614,271,8990,3064,500,1700,73,73,14.8,7,7881,48
Skidmore College,Yes,0.635453063,0,2322,263,18710,5970,500,700,87,92,12.7,29,14837,81
Smith College,Yes,0.546324786,1,2479,95,18820,6390,500,1050,85,97,10.3,44,21199,90
South Dakota State University,No,0.922337015,0,7000,1103,3811,2190,500,1970,62,65,15,29,5084,67
Southeast Missouri State University,No,0.81981587,0,6553,1246,4680,3540,200,2150,75,76,17.1,8,5916,45
Southeastern Oklahoma State Univ.,No,0.855745721,0,2962,651,3738,2619,450,1022,55,59,19.6,9,4444,53
Southern California College,Yes,0.883116883,0,784,127,9520,4124,630,1818,63,65,18.6,11,8219,43
Southern Illinois University at Edwardsville,No,0.864173228,0,6063,2550,5472,3598,221,2216,76,81,16.5,8,7498,43
Southern Methodist University,Yes,0.803301558,0,4892,387,12772,5078,576,1802,74,88,13.5,17,12726,72
Southwest Baptist University,Yes,1,0,1770,967,7070,2500,400,1000,52,54,15.9,13,4718,71
Southwest Missouri State University,No,0.858777378,0,13131,3374,4740,2590,500,1360,70,75,19.9,11,4632,56
Southwest State University,No,0.895893028,0,2091,546,4285,2750,600,1800,58,75,16.5,31,6591,51
Southwestern Adventist College,Yes,0.990654206,0,620,280,7536,3736,430,1651,44,77,13,12,5309,36
Southwestern College,Yes,0.727699531,0,504,147,7200,3532,550,1500,56,56,11.8,12,7818,52
Southwestern University,Yes,0.733118971,0,1177,43,11850,4675,600,1050,83,89,11.3,35,12995,67
Spalding University,Yes,0.71024735,0,589,263,8400,2800,600,900,50,56,10.6,40,6860,89
Spelman College,Yes,0.333153784,0,1971,107,7000,5565,660,2400,73,80,12.5,18,9988,65
Spring Arbor College,Yes,0.97311828,0,1501,353,8600,3550,385,665,48,48,15.4,9,10938,49
St. Bonaventure University,Yes,0.881799866,0,1688,131,10456,4927,500,1050,91,91,17.7,32,9828,78
St. John's College,Yes,0.860681115,0,393,4,16150,5450,275,800,63,72,7.2,26,15622,64
St. John Fisher College,Yes,0.777777778,0,1687,677,10570,5600,400,800,86,81,14.5,29,7908,66
St. Lawrence University,Yes,0.661096985,0,1801,45,18720,5730,650,825,90,94,11.5,38,14980,85
St. Martin's College,Yes,0.863874346,0,494,574,11550,4270,300,500,43,77,14.5,8,9209,40
St. Mary's College of California,Yes,0.60953462,0,2615,248,13332,6354,630,1584,88,89,16.1,17,9619,78
St. Mary's College of Maryland,No,0.518656716,0,1315,209,6800,4730,675,1250,84,89,11.6,23,10357,63
St. Mary's University of San Antonio,Yes,0.820595334,0,2149,418,8678,3858,700,1736,82,83,16.2,7,7651,72
St. Norbert College,Yes,0.931784108,0,1946,95,12140,4450,425,1100,74,78,15.1,36,8595,88
St. Paul's College,Yes,0.892473118,0,617,34,5000,3650,600,600,45,45,14,8,8426,45
St. Thomas Aquinas College,Yes,0.707317073,0,1117,815,8650,5700,500,1750,69,73,16.1,13,6534,67
Stephens College,Yes,0.9,0,614,388,13900,5200,450,2150,46,63,10.9,17,9995,59
Stetson University,Yes,0.78805395,0,1964,81,12315,4565,600,1365,85,90,12.5,24,10307,73
Stevens Institute of Technology,Yes,0.706447964,1,1263,11,16900,5680,450,750,89,89,19,33,12837,79
Stockton College of New Jersey,No,0.392883802,0,4365,765,3040,4351,711,1125,78,92,19.5,7,5599,64
Stonehill College,Yes,0.630828305,0,2022,926,12170,6172,480,800,79,79,13,30,7495,97
SUNY at Albany,No,0.679923122,0,10168,1231,6550,4355,700,1560,93,96,17.4,16,9075,74
SUNY at Binghamton,No,0.426329254,1,8544,671,6550,4598,700,1000,83,100,18,15,8055,80
SUNY at Buffalo,No,0.641598511,0,13963,3124,6550,4731,708,957,90,97,13.6,15,11177,56
SUNY at Stony Brook,No,0.556985294,0,9744,1351,6550,4712,600,1200,91,96,10.5,7,13705,57
SUNY College  at Brockport,No,0.488620784,0,5758,1363,6550,4460,500,705,79,83,19,14,6632,49
SUNY College  at Oswego,No,0.5695,0,6943,869,6550,4810,500,1500,69,85,22,21,5280,63
SUNY College at Buffalo,No,0.660962768,0,7626,2091,6550,4040,550,1230,71,78,18.7,12,7511,42
SUNY College at Cortland,No,0.44612069,0,5011,346,6550,4680,630,1274,82,85,17.8,17,5563,53
SUNY College at Fredonia,No,0.573713348,0,4123,298,6550,4420,620,1481,82,90,16.3,10,6442,66
SUNY College at Geneseo,No,0.530588509,1,5060,146,6550,4170,600,650,79,84,19.1,25,5716,76
SUNY College at New Paltz,No,0.429694011,0,4658,1478,6550,4240,550,1500,85,93,15.3,8,6608,53
SUNY College at Plattsburgh,No,0.645701928,0,5004,475,6550,4176,600,1380,80,90,17.9,16,6174,65
SUNY College at Potsdam,No,0.726666667,0,3598,234,6840,4660,500,1000,71,75,15.1,17,6436,59
SUNY College at Purchase,No,0.596507787,0,2478,1441,6550,4760,1125,1362,80,100,14.9,8,8170,46
Susquehanna University,Yes,0.721374046,0,1442,166,16130,4710,400,800,83,86,13.9,37,10554,90
Sweet Briar College,Yes,0.87012987,0,527,41,14500,6000,500,600,91,99,6.5,48,18953,61
Syracuse University,Yes,0.692946454,0,10142,117,15150,6870,635,960,73,84,11.3,13,14231,67
Tabor College,Yes,0.712062257,0,396,38,7850,3410,400,1500,55,70,10,15,7233,53
Talladega College,Yes,0.339827821,0,908,119,5666,2964,1000,1400,56,58,15.5,7,5970,46
Taylor University,Yes,0.617297908,0,1757,81,10965,4000,450,1250,60,61,14.2,32,8294,98
Tennessee Wesleyan College,Yes,0.784482759,0,402,237,7070,3640,400,3158,59,65,8.9,16,6286,36
Texas A&M Univ. at College Station,No,0.726751416,0,31643,2798,5130,3412,600,2144,89,91,23.1,29,8471,69
Texas A&M University at Galveston,No,0.90926276,0,1206,134,4860,3122,600,650,103,88,17.4,16,6415,43
Texas Christian University,Yes,0.751892552,0,5064,660,8490,3320,650,2400,81,93,14.8,23,9158,64
Texas Lutheran College,Yes,0.85110664,0,895,429,7850,3410,490,1700,54,58,13.8,24,7002,50
Texas Southern University,No,0.746835443,0,5584,3101,7860,3360,600,1700,65,75,18.2,21,3605,10
Texas Wesleyan University,Yes,0.846283784,0,1204,392,6400,3484,600,1800,80,83,14.5,10,7936,43
The Citadel,No,0.828,0,2024,292,7070,2439,400,779,95,94,17.1,17,7744,84
Thiel College,Yes,0.824090121,0,791,140,11172,4958,700,1350,68,76,11.6,16,9186,60
Tiffin University,Yes,0.868639053,0,662,351,7600,3800,600,1200,59,74,19,40,5096,39
Transylvania University,Yes,0.960474308,1,867,51,10900,4450,500,1000,81,91,12.1,41,10219,70
Trenton State College,No,0.458548195,1,5167,902,5391,5411,700,1000,81,87,14.4,6,8504,81
Tri-State University,Yes,0.873217116,0,978,98,9456,4350,468,1323,53,53,12.8,24,7603,65
Trinity College CT,Yes,0.587965991,0,1737,244,18810,5690,500,680,91,96,10.4,48,18034,91
Trinity College DC,Yes,0.765182186,0,309,639,11412,6430,500,900,89,93,8.3,37,11806,96
Trinity College VT,Yes,0.833333333,0,484,541,11010,5208,550,500,58,78,10.4,26,9586,78
Trinity University,Yes,0.749690722,1,2110,95,12240,5150,500,490,94,96,9.6,20,14703,93
Tulane University,Yes,0.728707522,0,4941,1534,19040,5950,350,800,98,98,9.1,21,16920,74
Tusculum College,Yes,0.594249201,0,983,40,7700,3400,450,800,70,70,21.9,28,4933,52
Tuskegee University,Yes,0.805910895,0,2825,144,6735,3395,600,1425,70,74,12.2,7,10872,65
Union College KY,Yes,0.79338843,0,634,78,7800,2950,500,600,60,88,14.1,9,6864,64
Union College NY,Yes,0.489842632,0,1915,123,18732,6204,450,1024,94,96,11.5,49,15411,88
Univ. of Wisconsin at OshKosh,No,0.604166667,0,7764,1472,6874,2394,518,1890,73,78,19.2,14,5901,56
University of Alabama at Birmingham,No,0.701168614,0,6960,4698,4440,5175,750,2200,96,96,6.7,16,16352,33
University of Arkansas at Fayetteville,No,0.960741886,0,9978,1530,5028,3300,500,2000,73,89,14.8,10,6820,39
University of California at Berkeley,No,0.415236753,1,19532,2061,11648,6246,636,1933,93,97,15.8,10,13919,78
University of California at Irvine,No,0.686393171,1,12677,864,12024,5302,790,1818,96,96,16.1,11,15934,66
University of Central Florida,No,0.423561409,0,12330,7152,6618,4234,700,1600,80,98,22.2,9,6742,46
University of Charleston,Yes,0.784457478,0,771,611,9500,3540,400,750,26,58,2.5,10,7683,57
University of Chicago,Yes,0.472432262,1,3340,39,18930,6380,500,1254,99,99,5.3,36,36854,90
University of Cincinnati,No,0.810065646,0,11036,2011,8907,4697,556,1851,89,95,10.8,6,13889,54
University of Connecticut at Storrs,No,0.738263996,0,12478,1660,11656,5072,700,2300,89,95,16,16,10178,71
University of Dallas,Yes,0.863436123,0,1058,73,10760,6230,500,1200,85,93,13.4,26,8731,63
University of Dayton,Yes,0.832101871,0,5889,665,11380,4220,500,900,81,85,14.8,25,8894,93
University of Delaware,Yes,0.727952374,0,14130,4522,10220,4230,530,1300,82,87,18.3,15,10650,75
University of Denver,Yes,0.672831204,0,2666,554,15192,4695,400,1350,84,91,15.9,21,11762,67
University of Detroit Mercy,Yes,0.788565264,0,2149,2217,11130,3996,600,2166,72,79,13.5,14,10891,51
University of Dubuque,Yes,0.96875,0,662,131,10430,3620,400,1500,85,98,16.5,18,8767,45
University of Evansville,Yes,0.775763359,0,2551,407,11800,4340,700,960,60,81,15.8,26,7780,77
University of Florida,No,0.710004018,1,24470,3286,7090,4180,630,1530,88,97,13.4,20,14737,66
University of Georgia,No,0.701515152,0,19553,2748,5697,3600,525,1755,88,95,14.7,22,7881,63
University of Hartford,Yes,0.795119071,0,3768,1415,14220,6000,500,1440,61,76,10.7,9,10625,66
University of Hawaii at Manoa,No,0.727094972,0,11028,2411,4460,3038,687,1281,85,87,11.8,6,12833,54
University of Illinois - Urbana,No,0.779971886,1,25422,911,7560,4574,500,1982,87,90,17.4,13,8559,81
University of Illinois at Chicago,No,0.683086832,0,13518,2916,7230,5088,630,3228,82,84,10,6,13883,34
University of Indianapolis,Yes,0.858103564,0,1417,1646,11120,4080,525,1405,55,56,11.1,23,6735,69
University of Kansas,No,0.648210747,0,17880,1673,6994,3384,700,2681,88,94,13.7,17,9657,57
University of La Verne,Yes,0.60676268,0,1431,1522,13540,5050,630,2298,66,68,14.1,23,10139,47
University of Louisville,No,0.639941386,0,9844,6198,6540,3600,530,2440,84,92,11.1,24,10207,31
University of Maine at Farmington,No,0.664735099,0,1906,344,6810,3970,450,1647,67,75,15.9,26,5712,59
University of Maine at Machias,No,0.836734694,0,633,317,6600,3680,600,400,46,46,15.1,4,5935,64
University of Maine at Presque Isle,No,0.826464208,0,974,503,6600,3630,400,1675,67,67,15.2,11,6408,35
University of Maryland at Baltimore County,No,0.607636449,0,6476,2592,8594,4408,494,2768,82,88,18.4,6,7618,55
University of Maryland at College Park,No,0.721732438,0,19340,3991,8723,5146,550,1550,89,92,18.1,12,9021,63
University of Massachusetts at Amherst,No,0.859814379,0,16282,1940,8566,3897,500,1400,88,92,16.7,15,10276,68
University of Massachusetts at Dartmouth,No,0.775918733,0,4664,1630,6919,4500,500,1250,74,90,15,20,7462,56
University of Miami,Yes,0.756248245,0,7760,876,16500,6526,630,1985,82,94,5.9,17,17500,59
University of Michigan at Ann Arbor,No,0.675647452,1,22045,1339,15732,4659,476,1600,90,98,11.5,26,14847,87
University of Minnesota at Duluth,No,0.745706107,0,5887,1254,8828,3474,753,2610,79,91,19,11,6393,53
University of Minnesota at Morris,No,0.599451303,1,1846,154,9843,3180,600,1500,74,78,14.6,16,6716,51
University of Minnesota Twin Cities,No,0.578704541,0,16502,21836,8949,3744,714,2910,88,90,12.2,37,16122,45
University of Mississippi,No,0.880072841,0,7524,804,4916,3810,600,550,81,86,20.3,14,6971,53
University of Missouri at Columbia,No,0.705354427,0,14782,1583,9057,3485,600,1983,87,87,12.7,15,10145,58
University of Missouri at Rolla,No,0.972828982,0,3926,561,9057,3600,700,1435,88,88,14.4,23,9699,49
University of Missouri at Saint Louis,No,0.705191595,0,4793,4552,7246,3964,500,4288,71,73,13.4,15,6433,48
University of Mobile,Yes,0.732300885,0,1417,301,6150,3680,550,1200,59,63,16.6,4,5412,52
University of Montevallo,No,0.660251665,0,2385,331,4440,3030,300,600,72,72,18.9,8,5883,51
University of Nebraska at Lincoln,No,0.956348574,0,16454,3171,5595,3145,500,2070,86,92,15.1,48,6813,53
University of New England,Yes,0.620347395,0,820,159,11450,5045,900,2500,72,75,11.4,13,9718,64
University of New Hampshire,No,0.783589744,0,10358,1338,11180,3862,650,2450,89,87,17.5,16,7855,75
University of North Carolina at Asheville,No,0.557199772,0,2033,1078,5972,3420,600,750,77,83,13,11,7011,37
University of North Carolina at Chapel Hill,No,0.410043848,1,14609,1100,8400,4200,550,1200,88,93,8.9,23,15893,83
University of North Carolina at Charlotte,No,0.765293814,0,10099,3255,7248,3109,600,1900,79,91,16.8,7,6227,62
University of North Carolina at Greensboro,No,0.796378347,0,7532,1847,8677,3505,600,1300,75,94,15.5,17,7392,53
University of North Carolina at Wilmington,No,0.635150717,0,6635,1145,7558,3680,500,1500,82,85,19.1,15,6005,55
University of North Dakota,No,0.809866763,0,8334,1435,5634,2703,450,1200,97,97,15.9,16,9424,49
University of North Florida,No,0.696111111,0,3876,3588,6634,4360,600,2604,82,85,17.8,14,6104,47
University of North Texas,No,0.619511091,0,14047,5134,4104,3579,450,1700,86,94,22.6,6,5657,35
University of Northern Colorado,No,0.724593128,0,8463,1498,7731,4128,540,2286,75,75,21.5,8,6309,40
University of Northern Iowa,No,0.815395753,0,10135,1448,6197,2930,595,2380,78,82,16.3,26,6333,77
University of Notre Dame,Yes,0.480519481,1,7671,30,16850,4400,600,1350,96,92,13.1,46,13936,97
University of Oklahoma,No,0.837022981,0,13436,2582,5173,3526,765,3176,86,90,11.5,11,10244,44
University of Oregon,No,0.779979145,0,11669,1605,10602,3660,570,1530,79,87,19.7,13,8020,54
University of Pennsylvania,Yes,0.422139745,1,9205,531,17020,7270,500,1544,95,96,6.3,38,25765,93
University of Pittsburgh-Main Campus,No,0.74341952,0,13138,4289,10786,4560,400,900,93,93,7.8,10,13789,66
University of Portland,Yes,0.844709898,0,2041,174,12040,4100,600,1100,92,96,13.2,17,9060,72
University of Puget Sound,Yes,0.698813056,1,2738,138,16230,4500,630,1800,79,86,15,17,11217,63
University of Rhode Island,No,0.803795499,0,8894,2456,10330,5558,500,1250,84,89,16.6,7,9158,63
University of Richmond,Yes,0.461303462,0,2854,594,14500,3285,700,1125,75,89,11.7,32,11984,100
University of Rochester,Yes,0.627195984,1,5071,438,17840,6582,500,882,93,99,5.9,23,26037,80
University of San Diego,Yes,0.695221149,0,3698,217,13600,5940,630,1820,93,96,15.6,13,10813,66
University of San Francisco,Yes,0.746313964,0,4309,549,13226,6452,750,2450,86,86,13.6,8,10074,62
University of Sci. and Arts of Oklahoma,No,0.98245614,0,1140,473,3687,1920,600,1800,67,77,23.6,3,3864,43
University of Scranton,Yes,0.65801834,0,3674,493,11584,5986,650,800,83,83,14.1,41,9131,92
University of South Carolina at Aiken,No,0.660377358,0,1855,1412,5800,3066,500,1500,62,62,14.8,3,5035,48
University of South Carolina at Columbia,No,0.755881971,0,12594,3661,8074,3522,495,2941,84,88,16.9,18,8246,63
University of South Florida,No,0.616154961,0,14770,10962,6760,3776,500,2180,84,89,17,7,11020,47
University of Southern California,Yes,0.694905552,0,13259,1429,17230,6482,600,2210,90,94,11.4,10,17007,68
University of Southern Colorado,No,0.884368308,0,3716,675,7100,4380,540,2948,63,88,19.4,0,5389,36
University of Southern Indiana,No,0.896595208,0,4283,2973,4973,3192,500,1425,56,65,22,21,4078,38
University of Southern Mississippi,No,0.717192982,0,9260,1387,4652,2470,500,500,78,99,18.7,23,5917,45
University of St. Thomas MN,Yes,0.878463782,0,4106,982,11712,4037,500,800,80,80,13.8,13,8546,89
University of St. Thomas TX,Yes,0.748663102,0,995,408,8550,4050,500,1344,75,75,12.6,17,7237,62
University of Tennessee at Knoxville,No,0.718854543,0,15749,3237,5764,3262,750,3300,86,92,16.5,22,8612,53
University of Texas at Arlington,No,0.779945139,0,10975,8431,4422,2780,500,2850,73,73,21,4,4696,29
University of Texas at Austin,No,0.648861171,0,30017,5189,5130,3309,650,3140,91,99,19.7,11,7837,65
University of Texas at San Antonio,No,0.735119753,0,9375,5457,4104,5376,452,1200,94,100,25.3,3,4329,50
University of the Arts,Yes,0.722792608,0,1145,39,12520,3860,1300,700,16,59,7.5,9,11641,57
University of the Pacific,Yes,0.812118747,0,2664,299,16320,5326,646,1171,87,94,11.2,14,13706,65
University of the South,Yes,0.668512111,0,1129,24,15350,4080,450,810,89,93,10.3,52,18784,82
University of Tulsa,Yes,0.909462617,0,2936,433,11750,4160,1200,2350,94,96,11.5,10,11743,47
University of Utah,No,0.881452404,0,13894,8374,6857,3975,858,3093,89,93,12.8,9,9275,37
University of Vermont,No,0.784027143,0,7353,1674,15516,4928,500,990,87,90,9.9,10,12646,79
University of Virginia,No,0.339705975,1,11278,114,12212,3792,500,1000,90,92,9.5,22,13597,95
University of Washington,No,0.55102361,0,20356,4582,8199,4218,708,2172,96,94,9,10,16527,65
University of West Florida,No,0.804878049,0,3754,2477,6172,3994,541,1387,83,87,23.4,12,8488,53
University of Wisconsin-Stout,No,0.758195141,0,6038,579,6704,2592,376,1750,78,78,21,17,6254,65
University of Wisconsin-Superior,No,1,0,1434,417,7032,2780,550,1960,75,81,15.2,15,6490,36
University of Wisconsin-Whitewater,No,0.845227273,0,7804,1552,6950,2500,300,1200,90,95,23.1,16,5559,67
University of Wisconsin at Green Bay,No,0.804898298,0,3819,1347,6900,2800,475,1200,81,89,22.2,1,5968,46
University of Wisconsin at Madison,No,0.733642037,0,23945,2200,9096,4290,535,1545,93,96,11.5,20,11006,72
University of Wisconsin at Milwaukee,No,0.721205187,0,11561,7443,8786,2964,570,1980,79,87,15.9,8,8094,38
University of Wyoming,No,0.747166092,0,7535,1488,5988,3422,600,1500,91,94,15.1,13,8745,45
Upper Iowa University,Yes,0.681749623,0,1481,1160,8840,3060,500,1000,69,75,17.4,19,3733,78
Ursinus College,Yes,0.733380986,0,1131,17,14900,5160,500,800,82,85,11.6,40,12082,79
Ursuline College,Yes,0.8,0,699,717,9600,4202,450,750,39,69,10.5,15,7164,68
Valley City State University,No,0.934782609,0,863,189,4286,2570,600,2000,39,41,14.9,25,4958,40
Valparaiso University,Yes,0.832289157,0,2501,198,11800,3260,500,800,87,89,14.2,23,9681,95
Vanderbilt University,Yes,0.60197664,1,5500,90,17865,6525,630,952,93,98,5.8,26,23850,83
Vassar College,Yes,0.528732394,1,2164,77,18920,5950,600,800,90,98,9.7,39,17089,90
Villanova University,Yes,0.720195902,0,6362,1292,15925,6507,400,300,89,90,13.4,24,10458,96
Virginia Commonwealth University,No,0.704614145,0,10262,5065,10217,4182,500,3630,81,87,8.7,11,11183,45
Virginia State University,No,0.814419226,0,3006,338,5587,4845,500,600,61,63,16,11,5733,31
Virginia Tech,No,0.745863035,0,18511,604,10260,3176,740,2200,85,89,13.8,20,8944,73
Virginia Union University,Yes,0.871683812,0,1298,67,7384,3494,500,1763,51,67,13.7,8,6757,30
Virginia Wesleyan College,Yes,0.612244898,0,1130,417,10900,5100,500,550,70,81,15.7,14,7804,68
Viterbo College,Yes,0.800618238,0,1014,387,9140,3365,500,2245,51,65,10.7,31,8050,73
Voorhees College,Yes,0.68668942,0,703,20,4450,2522,500,1200,43,43,22.9,3,5861,58
Wabash College,Yes,0.77875,0,801,5,12925,4195,500,635,78,85,9.9,55,14904,72
Wagner College,Yes,0.71680791,0,1324,117,13500,5800,585,1700,67,78,13.2,23,9006,75
Wake Forest University,Yes,0.422540187,1,3499,172,13850,4360,500,1250,95,97,4.3,37,41766,89
Walsh University,Yes,0.815018315,0,847,497,8670,4180,500,1450,42,58,11.3,33,5738,68
Warren Wilson College,Yes,0.706818182,0,466,7,10000,3052,400,1100,65,75,11.4,20,9430,63
Wartburg College,Yes,0.872461413,0,1295,105,11600,3610,400,850,66,91,12.4,37,7735,67
Washington and Jefferson College,Yes,0.842911877,0,1098,151,16260,4005,300,500,91,91,12.1,40,10162,86
Washington and Lee University,Yes,0.330618401,1,1584,3,13750,4619,680,1115,81,96,9.6,45,15736,90
Washington College,Yes,0.779156328,0,822,46,15276,5318,500,300,79,86,11.2,37,10830,65
Washington State University,No,0.892813456,0,14445,1344,8200,4210,800,2719,84,87,16.9,30,10912,56
Washington University,Yes,0.687091717,1,4879,1274,18350,5775,768,1512,91,98,3.9,31,45702,90
Wayne State College,No,1,0,2754,474,2700,2660,540,1660,60,68,20.3,29,4550,52
Waynesburg College,Yes,0.821848739,0,1280,61,8840,3620,500,1200,57,58,16.2,26,6563,63
Webber College,Yes,0.510714286,0,327,110,5590,2900,650,1952,53,63,15.1,4,4839,90
Webster University,Yes,0.694736842,0,1739,1550,9160,4340,500,500,68,68,20.6,14,6951,48
Wellesley College,Yes,0.431433506,1,2195,156,18345,5995,500,700,94,98,10.6,51,21409,91
Wells College,Yes,0.754716981,0,416,19,14900,5550,600,500,93,98,8.3,42,13935,69
Wentworth Institute of Technology,Yes,0.849324324,0,2961,572,9850,6050,850,920,10,68,15.4,8,17858,64
Wesley College,Yes,0.823469388,0,872,448,9890,4674,500,1350,52,57,14.4,15,6243,84
Wesleyan University,Yes,0.413453479,1,2714,27,19130,5600,1400,1400,90,94,12.1,39,16262,92
West Chester University of Penn.,No,0.544294063,0,7484,1904,7844,4108,400,2000,76,79,15.3,16,6773,52
West Liberty State College,No,0.912371134,0,2138,227,4470,2890,600,1210,33,33,16.3,10,4249,60
West Virginia Wesleyan College,Yes,0.893997446,0,1509,170,14200,3775,450,1100,58,81,16.4,42,8080,67
Western Carolina University,No,0.781327543,0,5000,706,6390,2380,110,1622,67,78,14.6,9,6554,55
Western Maryland College,Yes,0.81659751,0,1071,98,14510,5340,500,1400,84,91,12.5,39,10026,60
Western Michigan University,No,0.784444202,0,15739,4278,6940,4100,500,1700,80,84,24.7,11,5983,55
Western New England College,Yes,0.891515152,0,1803,1116,8994,5500,498,2065,74,97,15.4,15,8409,59
Western State College of Colorado,No,0.600666173,0,2315,146,5918,3755,500,2050,76,79,19.4,4,4599,52
Western Washington University,No,0.64221341,0,8909,506,8124,4144,639,2385,83,89,22.7,10,7203,61
Westfield State College,No,0.693548387,0,3234,941,5542,3788,500,1300,75,79,15.7,20,4222,65
Westminster College MO,Yes,0.835347432,0,665,37,10720,4050,600,1650,66,70,12.5,20,7925,62
Westminster College,Yes,0.869477912,0,1411,72,12065,3615,430,685,62,78,12.5,41,8596,80
Westminster College of Salt Lake City,Yes,0.785169029,0,979,743,8820,4050,600,2025,68,83,10.5,34,7170,50
Westmont College,No,0.750526316,0,1276,9,14320,5304,490,1410,77,77,14.9,17,8837,87
Wheaton College IL,Yes,0.642458101,1,2200,56,11480,4200,530,1400,81,83,12.7,40,11916,85
Westminster College PA,Yes,0.789988493,0,1335,30,18460,5970,700,850,92,96,13.2,41,22704,71
Wheeling Jesuit College,Yes,0.836101883,0,971,305,10500,4545,600,600,66,71,14.1,27,7494,72
Whitman College,Yes,0.536270822,0,1220,46,16670,4900,750,800,80,83,10.5,51,13198,72
Whittier College,Yes,0.635930993,0,1235,30,16249,5699,500,1998,84,92,13.6,29,11778,52
Whitworth College,Yes,0.826048171,0,1270,160,12660,4500,678,2424,80,80,16.9,20,8328,80
Widener University,Yes,0.697522207,0,2186,2171,12350,5370,500,1350,88,86,12.6,19,9603,63
Wilkes University,Yes,0.877375843,0,1803,603,11150,5130,550,1260,78,92,13.3,24,8543,67
Willamette University,Yes,0.800361882,0,1595,159,14800,4620,400,790,91,94,13.3,37,10779,68
William Jewell College,Yes,0.825037707,0,1279,75,10060,2970,500,2600,74,80,11.2,19,7885,59
William Woods University,Yes,0.92750533,0,851,120,10535,4365,550,3700,39,66,12.9,16,7438,52
Williams College,Yes,0.297419971,1,1988,29,19629,5790,500,1200,94,99,9,64,22014,99
Wilson College,Yes,0.778443114,0,199,676,11428,5084,450,475,67,76,8.3,43,10291,67
Wingate College,Yes,0.820823245,0,1207,157,7820,3400,550,1550,69,81,13.9,8,7264,91
Winona State University,No,0.615639098,0,5800,872,4200,2700,300,1200,53,60,20.2,18,5318,58
Winthrop University,No,0.778017241,0,3395,670,6400,3392,580,2150,71,80,12.8,26,6729,59
Wisconsin Lutheran College,Yes,0.842105263,0,282,22,9100,3700,500,1400,48,48,8.5,26,8960,50
Wittenberg University,Yes,0.87872663,0,1980,144,15948,4404,400,800,82,95,12.8,29,10414,78
Wofford College,Yes,0.622918055,1,1059,34,12680,4150,605,1440,91,92,15.3,42,7875,75
Worcester Polytechnic Institute,Yes,0.835982659,0,2802,86,15884,5370,530,730,92,94,15.2,34,10774,82
Worcester State College,No,0.689576695,0,3089,2029,6797,3900,500,1200,60,60,21,14,4469,40
Xavier University,Yes,0.921388464,0,2849,1107,11520,4960,600,1250,73,75,13.3,31,9189,83
Xavier University of Louisiana,Yes,0.913209347,0,2793,166,6900,4200,617,781,67,75,14.4,20,8323,49
Yale University,Yes,0.229145259,1,5217,83,19840,6510,630,2115,96,96,5.8,49,40386,99
York College of Pennsylvania,Yes,0.620608899,0,2988,1726,4990,3560,500,1250,75,75,18.1,28,4509,99